{
    "pipeline-1__CODE_GENDER": -0.13104755333879953,
    "pipeline-1__FLAG_OWN_CAR": -0.0765651154733507,
    "pipeline-1__FLAG_OWN_REALTY": 0.02856180008143438,
    "pipeline-1__CNT_CHILDREN": 0.007329716987992673,
    "pipeline-1__AMT_INCOME_TOTAL": -0.06692384167570486,
    "pipeline-1__AMT_CREDIT": 1.0593500004079273,
    "pipeline-1__AMT_ANNUITY": 0.1009338657903146,
    "pipeline-1__AMT_GOODS_PRICE": -1.1336885307847289,
    "pipeline-1__DAYS_BIRTH": -0.014864212071422024,
    "pipeline-1__DAYS_EMPLOYED": -0.22947762292382892,
    "pipeline-1__EXT_SOURCE_2": -0.4099547758355371,
    "pipeline-1__EXT_SOURCE_3": -0.48652553628658346,
    "pipeline-2__NAME_CONTRACT_TYPE_Cash loans": 0.12678708360084978,
    "pipeline-2__NAME_CONTRACT_TYPE_Revolving loans": -0.19791320310220842,
    "pipeline-2__NAME_TYPE_SUITE_Children": -0.06590866789131435,
    "pipeline-2__NAME_TYPE_SUITE_Family": -0.22921358381254234,
    "pipeline-2__NAME_TYPE_SUITE_Group of people": -0.3147030379746977,
    "pipeline-2__NAME_TYPE_SUITE_Other_A": 0.4215624655798508,
    "pipeline-2__NAME_TYPE_SUITE_Other_B": 0.18288126054127574,
    "pipeline-2__NAME_TYPE_SUITE_Spouse, partner": -0.13771468692106162,
    "pipeline-2__NAME_TYPE_SUITE_Unaccompanied": 0.07197013097707514,
    "pipeline-2__NAME_INCOME_TYPE_Commercial associate": 0.04481322469068071,
    "pipeline-2__NAME_INCOME_TYPE_Pensioner": 0.017810804841249913,
    "pipeline-2__NAME_INCOME_TYPE_State servant": -0.21749243654877595,
    "pipeline-2__NAME_INCOME_TYPE_Working": 0.08374228751597292,
    "pipeline-2__NAME_EDUCATION_TYPE_Academic degree": 0.0,
    "pipeline-2__NAME_EDUCATION_TYPE_Higher education": -0.08754162389786119,
    "pipeline-2__NAME_EDUCATION_TYPE_Incomplete higher": -0.24713350427421316,
    "pipeline-2__NAME_EDUCATION_TYPE_Lower secondary": -0.011828287672893177,
    "pipeline-2__NAME_EDUCATION_TYPE_Secondary / secondary special": 0.2753772963440071,
    "pipeline-2__NAME_FAMILY_STATUS_Civil marriage": 0.16195273665222903,
    "pipeline-2__NAME_FAMILY_STATUS_Married": -0.04828031549676581,
    "pipeline-2__NAME_FAMILY_STATUS_Separated": 0.23756829799858997,
    "pipeline-2__NAME_FAMILY_STATUS_Single / not married": 0.09971322057188262,
    "pipeline-2__NAME_FAMILY_STATUS_Widow": -0.5220800592266456,
    "pipeline-2__NAME_HOUSING_TYPE_Co-op apartment": 0.23506020292477137,
    "pipeline-2__NAME_HOUSING_TYPE_House / apartment": -0.08209587241344145,
    "pipeline-2__NAME_HOUSING_TYPE_Municipal apartment": 0.1965763427569817,
    "pipeline-2__NAME_HOUSING_TYPE_Office apartment": -0.524832089595503,
    "pipeline-2__NAME_HOUSING_TYPE_Rented apartment": -0.013460694477572189,
    "pipeline-2__NAME_HOUSING_TYPE_With parents": 0.11762599130377287
}